sample_id,variant,raw_mean_abs_delta_L,projected_mean_abs_delta_L,projected_mean_delta_ab,projection_mean_delta_ab,raw_mean_chroma,review_flag,review_status
im101,semantically_wrong_color,2.137718439102173,0.06400182843208313,18.4039363861084,0.2620477080345154,14.054540634155273,,unverified_candidate
im101,plausible_alternative_colorization,1.3676600456237793,0.0657901018857956,6.5272345542907715,0.0935240089893341,2.5148849487304688,,unverified_candidate
im102,semantically_wrong_color,2.4642622470855713,0.07141438126564026,42.502376556396484,1.6713566780090332,35.772422790527344,,unverified_candidate
im102,plausible_alternative_colorization,2.0781517028808594,0.07298870384693146,22.304611206054688,0.2816293239593506,12.120235443115234,,unverified_candidate
im103,semantically_wrong_color,5.452596187591553,0.07591316848993301,57.769657135009766,0.338096022605896,35.723655700683594,,unverified_candidate
im103,plausible_alternative_colorization,3.4027864933013916,0.08497339487075806,14.076688766479492,0.2586076557636261,26.05025291442871,,unverified_candidate
im106,semantically_wrong_color,2.829444169998169,0.0838627815246582,24.51468276977539,1.4019793272018433,16.774324417114258,,unverified_candidate
im106,plausible_alternative_colorization,1.8297594785690308,0.09658434987068176,21.077756881713867,0.03632592409849167,0.7408227920532227,near_grayscale,unverified_candidate
im107,semantically_wrong_color,3.6552796363830566,0.07719959318637848,17.69927978515625,1.715846061706543,22.183835983276367,,unverified_candidate
im107,plausible_alternative_colorization,3.6691172122955322,0.08096654713153839,10.649953842163086,1.4334605932235718,17.595314025878906,,unverified_candidate
im109,semantically_wrong_color,4.154040813446045,0.07696577906608582,50.686981201171875,0.25456780195236206,37.49371337890625,,unverified_candidate
im109,plausible_alternative_colorization,2.5907115936279297,0.08408375084400177,9.748929977416992,0.13612979650497437,17.467967987060547,,unverified_candidate
im110,semantically_wrong_color,2.625739097595215,0.05941472202539444,43.65367126464844,2.597003221511841,35.380821228027344,,unverified_candidate
im110,plausible_alternative_colorization,1.2272716760635376,0.06776382029056549,17.419139862060547,0.1141035407781601,8.914379119873047,,unverified_candidate
im111,semantically_wrong_color,8.814043045043945,0.07875177264213562,37.226402282714844,5.126674175262451,39.792266845703125,,unverified_candidate
im111,plausible_alternative_colorization,7.191754341125488,0.08008700609207153,9.72471809387207,0.3975592851638794,11.766252517700195,,unverified_candidate
im114,semantically_wrong_color,4.884549140930176,0.08120433986186981,58.326934814453125,3.4940061569213867,50.717769622802734,,unverified_candidate
im114,plausible_alternative_colorization,3.513040065765381,0.09610921144485474,13.539863586425781,1.3433587551116943,34.66286849975586,,unverified_candidate
im115,semantically_wrong_color,4.961176872253418,0.06611326336860657,33.38223648071289,0.2733597457408905,23.612186431884766,,unverified_candidate
im115,plausible_alternative_colorization,4.2344465255737305,0.0772668719291687,12.186777114868164,0.1469610631465912,8.361616134643555,,unverified_candidate
im117,semantically_wrong_color,1.9029654264450073,0.03249666839838028,26.540119171142578,0.9554688930511475,25.092798233032227,,unverified_candidate
im117,plausible_alternative_colorization,1.149897575378418,0.0396178737282753,12.687841415405273,0.1704193651676178,6.650618076324463,,unverified_candidate
im118,semantically_wrong_color,3.4191200733184814,0.07645360380411148,13.826391220092773,1.4807450771331787,13.702642440795898,,unverified_candidate
im118,plausible_alternative_colorization,2.8758630752563477,0.0808364748954773,3.492255687713623,0.06387180089950562,1.174011468887329,near_grayscale,unverified_candidate
im119,semantically_wrong_color,4.745200157165527,0.07601945847272873,54.932273864746094,1.4203940629959106,52.32579803466797,,unverified_candidate
im119,plausible_alternative_colorization,2.832752227783203,0.0806046724319458,19.26988983154297,0.43694767355918884,21.790481567382812,,unverified_candidate
im12,semantically_wrong_color,5.671995162963867,0.05887337774038315,44.4719352722168,11.84526252746582,52.42123794555664,,unverified_candidate
im12,plausible_alternative_colorization,1.7808324098587036,0.08519266545772552,5.054573059082031,0.08652719855308533,6.9914021492004395,,unverified_candidate
im120,semantically_wrong_color,7.407832622528076,0.07674519717693329,29.821941375732422,0.34751537442207336,25.708370208740234,,unverified_candidate
im120,plausible_alternative_colorization,6.871070384979248,0.08401261270046234,15.118904113769531,0.19495317339897156,8.871835708618164,,unverified_candidate
im121,semantically_wrong_color,2.231654167175293,0.06870419532060623,37.779762268066406,0.7251662015914917,38.29289627075195,,unverified_candidate
im121,plausible_alternative_colorization,1.7528464794158936,0.09007103741168976,8.56112289428711,0.0404038205742836,1.438394546508789,near_grayscale,unverified_candidate
im122,semantically_wrong_color,21.752914428710938,0.040558066219091415,21.835283279418945,58.65304946899414,75.60504150390625,,unverified_candidate
im122,plausible_alternative_colorization,1.0204014778137207,0.0611514113843441,8.401800155639648,0.0698835626244545,0.7659782767295837,near_grayscale,unverified_candidate
im123,semantically_wrong_color,4.880121231079102,0.07540659606456757,39.05917739868164,0.3050084412097931,26.377416610717773,,unverified_candidate
im123,plausible_alternative_colorization,4.484827041625977,0.08194544911384583,11.882617950439453,0.34280404448509216,12.692496299743652,,unverified_candidate
im124,semantically_wrong_color,5.834931373596191,0.07717318087816238,32.729637145996094,1.100719690322876,31.293102264404297,,unverified_candidate
im124,plausible_alternative_colorization,5.5767669677734375,0.08282095193862915,17.219989776611328,0.3515768051147461,13.584832191467285,,unverified_candidate
im125,semantically_wrong_color,6.411983966827393,0.04833118990063667,31.62113380432129,13.284656524658203,37.91637420654297,,unverified_candidate
im125,plausible_alternative_colorization,3.7877018451690674,0.05242162197828293,28.725732803344727,0.5516801476478577,16.542896270751953,,unverified_candidate
im127,semantically_wrong_color,2.205864906311035,0.0753839910030365,19.421430587768555,0.8067631721496582,19.56454849243164,,unverified_candidate
im127,plausible_alternative_colorization,1.281130075454712,0.08684500306844711,5.034228324890137,0.08590404689311981,2.819145917892456,,unverified_candidate
im128,semantically_wrong_color,4.310163974761963,0.0724039375782013,71.426513671875,10.362298011779785,47.98717498779297,,unverified_candidate
im128,plausible_alternative_colorization,5.7451581954956055,0.06076902151107788,25.320837020874023,0.27305054664611816,31.374073028564453,,unverified_candidate
im130,semantically_wrong_color,5.018774032592773,0.06377789378166199,39.15269470214844,2.5665602684020996,36.05458068847656,,unverified_candidate
im130,plausible_alternative_colorization,4.606965065002441,0.09121131896972656,13.830541610717773,0.17685462534427643,5.652827262878418,,unverified_candidate
im131,semantically_wrong_color,3.3656201362609863,0.07184101641178131,67.13459777832031,1.155274748802185,46.779808044433594,,unverified_candidate
im131,plausible_alternative_colorization,1.90542471408844,0.08321204781532288,19.30059051513672,0.11700154840946198,10.534768104553223,,unverified_candidate
im132,semantically_wrong_color,4.304107189178467,0.0833892673254013,18.25481414794922,1.7273485660552979,16.90666389465332,,unverified_candidate
im132,plausible_alternative_colorization,2.7807769775390625,0.10094654560089111,7.286738395690918,0.08004896342754364,1.503875970840454,near_grayscale,unverified_candidate
im133,semantically_wrong_color,3.5990865230560303,0.07148556411266327,54.63458251953125,1.551276445388794,47.055213928222656,,unverified_candidate
im133,plausible_alternative_colorization,2.136247158050537,0.08718612790107727,22.453914642333984,0.14630119502544403,12.064006805419922,,unverified_candidate
im134,semantically_wrong_color,6.496337890625,0.06642667204141617,34.06597900390625,2.534440040588379,33.861602783203125,,unverified_candidate
im134,plausible_alternative_colorization,5.766915321350098,0.08403430879116058,12.552791595458984,0.1616216003894806,3.736961841583252,,unverified_candidate
im136,semantically_wrong_color,5.739565849304199,0.06650499999523163,61.970218658447266,1.0413060188293457,55.33778381347656,,unverified_candidate
im136,plausible_alternative_colorization,3.792418956756592,0.07715129852294922,24.434232711791992,0.20961135625839233,18.23497200012207,,unverified_candidate
im137,semantically_wrong_color,2.9344868659973145,0.08224742114543915,24.008920669555664,0.9072239398956299,20.292911529541016,,unverified_candidate
im137,plausible_alternative_colorization,2.531203508377075,0.08452924340963364,12.92887020111084,0.26348716020584106,12.722624778747559,,unverified_candidate
im139,semantically_wrong_color,2.3570032119750977,0.07835762202739716,46.75277328491211,0.8291599750518799,36.30173873901367,,unverified_candidate
im139,plausible_alternative_colorization,1.7733447551727295,0.08080728352069855,16.42005157470703,0.2062164545059204,13.845494270324707,,unverified_candidate
im14,semantically_wrong_color,3.989337921142578,0.07808429002761841,21.372310638427734,0.39489835500717163,11.894039154052734,,unverified_candidate
im14,plausible_alternative_colorization,3.9611215591430664,0.08634008467197418,12.169960021972656,0.1671913117170334,3.8303322792053223,,unverified_candidate
im140,semantically_wrong_color,2.6484179496765137,0.07997512817382812,28.15686798095703,0.9732266664505005,33.60272216796875,,unverified_candidate
im140,plausible_alternative_colorization,1.3197331428527832,0.08732666075229645,7.824107646942139,0.13934311270713806,9.09006404876709,,unverified_candidate
im141,semantically_wrong_color,3.539576768875122,0.07737996429204941,35.95654296875,0.6130143404006958,33.34868621826172,,unverified_candidate
im141,plausible_alternative_colorization,2.9698424339294434,0.08292032033205032,16.063232421875,0.1740943044424057,13.688634872436523,,unverified_candidate
im142,semantically_wrong_color,2.5217225551605225,0.08182466775178909,36.627601623535156,0.4554128646850586,31.78856658935547,,unverified_candidate
im142,plausible_alternative_colorization,2.2638959884643555,0.0825345516204834,22.278270721435547,0.2691424489021301,20.231307983398438,,unverified_candidate
im143,semantically_wrong_color,5.468643665313721,0.06931623816490173,53.562931060791016,0.9348983764648438,41.7537841796875,,unverified_candidate
im143,plausible_alternative_colorization,6.51157808303833,0.08864423632621765,34.365047454833984,0.11018320918083191,3.334686279296875,,unverified_candidate
im144,semantically_wrong_color,3.374070644378662,0.07052390277385712,42.01422119140625,1.7908999919891357,46.1652946472168,,unverified_candidate
im144,plausible_alternative_colorization,4.026108741760254,0.07432113587856293,14.617362976074219,0.5939754843711853,27.90940284729004,,unverified_candidate
im145,semantically_wrong_color,5.187216758728027,0.08569516241550446,42.51017761230469,0.9252946972846985,39.42673110961914,,unverified_candidate
im145,plausible_alternative_colorization,1.8656727075576782,0.09223979711532593,13.099090576171875,0.42427200078964233,14.440206527709961,,unverified_candidate
im147,semantically_wrong_color,5.6990251541137695,0.07835064083337784,41.76649475097656,5.326681613922119,46.02989959716797,,unverified_candidate
im147,plausible_alternative_colorization,4.1287150382995605,0.08611901104450226,27.354568481445312,0.7600066661834717,21.7506103515625,,unverified_candidate
im148,semantically_wrong_color,1.6395721435546875,0.03941311687231064,18.717533111572266,0.18156230449676514,11.772941589355469,,unverified_candidate
im148,plausible_alternative_colorization,1.2767939567565918,0.04806949943304062,12.621968269348145,0.12164454162120819,2.113640308380127,,unverified_candidate
im152,semantically_wrong_color,2.243462562561035,0.07945193350315094,16.300020217895508,0.3444550335407257,7.636631488800049,,unverified_candidate
im152,plausible_alternative_colorization,2.2672486305236816,0.08261843025684357,12.417745590209961,0.12065614759922028,2.463501453399658,,unverified_candidate
im153,semantically_wrong_color,3.3608250617980957,0.07332539558410645,32.45545196533203,0.46658915281295776,37.428810119628906,,unverified_candidate
im153,plausible_alternative_colorization,3.40028977394104,0.07586141675710678,11.611422538757324,0.21493026614189148,19.077320098876953,,unverified_candidate
im154,semantically_wrong_color,2.614717960357666,0.07985381036996841,34.10104751586914,2.470299243927002,47.76372146606445,,unverified_candidate
im154,plausible_alternative_colorization,1.5010045766830444,0.08496709913015366,15.021524429321289,0.7395621538162231,26.906387329101562,,unverified_candidate
im155,semantically_wrong_color,3.355463981628418,0.06765210628509521,47.644500732421875,2.440918207168579,30.62639045715332,,unverified_candidate
im155,plausible_alternative_colorization,2.001375913619995,0.07818634808063507,16.89506721496582,0.12701107561588287,15.64352798461914,,unverified_candidate
im156,semantically_wrong_color,4.209231853485107,0.08194328099489212,34.07264709472656,1.4692270755767822,35.87176513671875,,unverified_candidate
im156,plausible_alternative_colorization,3.0335114002227783,0.08720730990171432,9.492462158203125,0.17869356274604797,8.895235061645508,,unverified_candidate
im157,semantically_wrong_color,6.2285475730896,0.07328374683856964,32.75878143310547,0.4160466194152832,30.01980972290039,,unverified_candidate
im157,plausible_alternative_colorization,6.420076370239258,0.07589639723300934,14.191898345947266,0.2516082227230072,18.93819808959961,,unverified_candidate
im158,semantically_wrong_color,6.066551685333252,0.06638941913843155,40.40214920043945,6.657810211181641,43.08055877685547,,unverified_candidate
im158,plausible_alternative_colorization,3.653247594833374,0.08720877021551132,9.022459983825684,2.10801362991333,18.179553985595703,,unverified_candidate
im159,semantically_wrong_color,3.404428482055664,0.08164699375629425,64.85364532470703,0.8905532956123352,47.399322509765625,,unverified_candidate
im159,plausible_alternative_colorization,2.7064857482910156,0.09379813075065613,22.970386505126953,0.09475961327552795,4.224574089050293,,unverified_candidate
im16,semantically_wrong_color,2.49265456199646,0.09133981168270111,35.9940299987793,0.6058037877082825,18.71382713317871,,unverified_candidate
im16,plausible_alternative_colorization,1.858954906463623,0.07381724566221237,17.808258056640625,0.24700073897838593,14.75107192993164,,unverified_candidate
im160,semantically_wrong_color,12.83511734008789,0.055868327617645264,43.1438102722168,29.173280715942383,67.07075500488281,,unverified_candidate
im160,plausible_alternative_colorization,0.6294406652450562,0.06465574353933334,24.448043823242188,0.08681701123714447,5.575554847717285,,unverified_candidate
im161,semantically_wrong_color,3.449406385421753,0.08543576300144196,19.42102813720703,1.0961304903030396,18.837785720825195,,unverified_candidate
im161,plausible_alternative_colorization,2.5250487327575684,0.08912096172571182,9.609992980957031,0.10355319082736969,5.045025825500488,,unverified_candidate
im162,semantically_wrong_color,4.261094570159912,0.07276249676942825,27.64634895324707,0.48979130387306213,22.22579574584961,,unverified_candidate
im162,plausible_alternative_colorization,4.012840270996094,0.07898694276809692,13.65235424041748,0.2159532904624939,8.665361404418945,,unverified_candidate
im163,semantically_wrong_color,3.957335948944092,0.07021104544401169,55.0657958984375,1.889435887336731,45.97455596923828,,unverified_candidate
im163,plausible_alternative_colorization,3.019573450088501,0.08614721894264221,11.207015991210938,0.15887363255023956,8.58248233795166,,unverified_candidate
im164,semantically_wrong_color,6.878115653991699,0.0788513720035553,64.08319854736328,0.32543033361434937,23.628746032714844,,unverified_candidate
im164,plausible_alternative_colorization,6.1370649337768555,0.08436711877584457,32.89337158203125,0.22815117239952087,18.696514129638672,,unverified_candidate
im165,semantically_wrong_color,7.295861721038818,0.08381937444210052,35.702293395996094,3.204676628112793,31.45513916015625,,unverified_candidate
im165,plausible_alternative_colorization,4.471711158752441,0.08354145288467407,9.976988792419434,0.582974374294281,15.242854118347168,,unverified_candidate
im166,semantically_wrong_color,2.2729604244232178,0.063761405646801,17.89846420288086,0.5427048802375793,55.574363708496094,,unverified_candidate
im166,plausible_alternative_colorization,3.2235186100006104,0.06931744515895844,24.28293228149414,0.26154541969299316,20.874473571777344,,unverified_candidate
im167,semantically_wrong_color,5.301336765289307,0.07570017874240875,38.17705535888672,0.4091699421405792,39.43449020385742,,unverified_candidate
im167,plausible_alternative_colorization,3.2787156105041504,0.08234106004238129,12.865867614746094,0.1782296746969223,13.363883972167969,,unverified_candidate
im169,semantically_wrong_color,6.353298664093018,0.07455453276634216,71.22117614746094,1.1772160530090332,60.35643768310547,,unverified_candidate
im169,plausible_alternative_colorization,2.137025833129883,0.07729832828044891,7.665164947509766,0.2143343985080719,27.692594528198242,,unverified_candidate
im170,semantically_wrong_color,4.23394250869751,0.07658995687961578,51.625244140625,1.8097094297409058,40.756675720214844,,unverified_candidate
im170,plausible_alternative_colorization,2.217250108718872,0.07886207103729248,34.711402893066406,0.21744000911712646,22.819812774658203,,unverified_candidate
im171,semantically_wrong_color,4.188560485839844,0.07807758450508118,30.68799591064453,1.0052961111068726,26.311384201049805,,unverified_candidate
im171,plausible_alternative_colorization,3.2748141288757324,0.09095926582813263,18.720794677734375,0.08777105063199997,5.008554935455322,,unverified_candidate
im172,semantically_wrong_color,3.3848767280578613,0.08141232281923294,26.590709686279297,1.3287947177886963,26.180252075195312,,unverified_candidate
im172,plausible_alternative_colorization,2.419985294342041,0.09229851514101028,13.833329200744629,0.15611013770103455,9.035056114196777,,unverified_candidate
im174,semantically_wrong_color,6.721767902374268,0.07153782248497009,55.959102630615234,1.4975342750549316,44.18180847167969,,unverified_candidate
im174,plausible_alternative_colorization,5.867800712585449,0.07780681550502777,16.61414909362793,0.5045368075370789,18.049280166625977,,unverified_candidate
im175,semantically_wrong_color,7.594036102294922,0.0835515558719635,52.9940299987793,9.49342155456543,45.64583206176758,,unverified_candidate
im175,plausible_alternative_colorization,2.6291797161102295,0.09995430707931519,16.19007682800293,0.22995415329933167,12.854063987731934,,unverified_candidate
im176,semantically_wrong_color,2.655193567276001,0.0793304294347763,41.70649719238281,0.757192850112915,32.69961929321289,,unverified_candidate
im176,plausible_alternative_colorization,2.3684611320495605,0.08426636457443237,20.613649368286133,0.1827608197927475,12.416242599487305,,unverified_candidate
im177,semantically_wrong_color,2.307084798812866,0.06652791798114777,77.63496398925781,0.2348998486995697,54.00238037109375,,unverified_candidate
im177,plausible_alternative_colorization,0.9160223007202148,0.08207270503044128,30.182485580444336,0.16447851061820984,18.40044593811035,,unverified_candidate
im178,semantically_wrong_color,9.82935905456543,0.03540467098355293,35.69384002685547,19.008573532104492,50.142730712890625,,unverified_candidate
im178,plausible_alternative_colorization,1.9194049835205078,0.05989258363842964,6.0962138175964355,0.11406377702951431,1.6718828678131104,near_grayscale,unverified_candidate
im179,semantically_wrong_color,3.607416868209839,0.08337213844060898,32.812591552734375,0.4805741310119629,16.291179656982422,,unverified_candidate
im179,plausible_alternative_colorization,2.7693753242492676,0.0802469402551651,6.484162330627441,0.32427945733070374,22.006179809570312,,unverified_candidate
im18,semantically_wrong_color,4.511842727661133,0.06313860416412354,25.218862533569336,0.623565673828125,49.11259460449219,,unverified_candidate
im18,plausible_alternative_colorization,5.163613319396973,0.07560190558433533,36.282920837402344,0.26620298624038696,19.154619216918945,,unverified_candidate
im180,semantically_wrong_color,5.310364723205566,0.07908442616462708,28.63987922668457,0.43339449167251587,22.315879821777344,,unverified_candidate
im180,plausible_alternative_colorization,4.733872413635254,0.08444130420684814,18.7257022857666,0.16751304268836975,9.855100631713867,,unverified_candidate
im183,semantically_wrong_color,3.6134493350982666,0.08290494978427887,49.57379913330078,2.0207223892211914,36.998985290527344,,unverified_candidate
im183,plausible_alternative_colorization,2.072782516479492,0.08934685587882996,22.81364631652832,0.17251038551330566,13.582413673400879,,unverified_candidate
im185,semantically_wrong_color,2.9300084114074707,0.0859830379486084,25.52442741394043,1.3769818544387817,23.707971572875977,,unverified_candidate
im185,plausible_alternative_colorization,2.0309081077575684,0.08698584884405136,9.793006896972656,0.21582701802253723,11.809125900268555,,unverified_candidate
im186,semantically_wrong_color,7.890252590179443,0.056515276432037354,74.51103210449219,0.19524259865283966,58.24107360839844,,unverified_candidate
im186,plausible_alternative_colorization,4.208986759185791,0.06776411086320877,22.660062789916992,0.9583587646484375,35.52776336669922,,unverified_candidate
im187,semantically_wrong_color,5.871531009674072,0.07880651950836182,42.49608612060547,2.84995698928833,28.501638412475586,,unverified_candidate
im187,plausible_alternative_colorization,4.142389297485352,0.07685310393571854,21.377883911132812,1.4212746620178223,24.987051010131836,,unverified_candidate
im189,semantically_wrong_color,1.9480081796646118,0.0690271407365799,54.52254104614258,0.7095580101013184,48.09315490722656,,unverified_candidate
im189,plausible_alternative_colorization,2.6059670448303223,0.08092719316482544,21.18852996826172,0.8095969557762146,16.010902404785156,,unverified_candidate
im19,semantically_wrong_color,6.3539886474609375,0.06550522893667221,44.08734130859375,5.547994613647461,32.713294982910156,,unverified_candidate
im19,plausible_alternative_colorization,4.142940044403076,0.0817355141043663,31.919811248779297,0.11586420238018036,1.9534157514572144,near_grayscale,unverified_candidate
im191,semantically_wrong_color,6.764402866363525,0.07612384110689163,28.507904052734375,3.0232319831848145,32.18621826171875,,unverified_candidate
im191,plausible_alternative_colorization,2.516031265258789,0.08233243227005005,4.545097351074219,0.1657685935497284,10.814727783203125,,unverified_candidate
im192,semantically_wrong_color,4.696966171264648,0.07206651568412781,47.47059631347656,2.1949355602264404,47.954063415527344,,unverified_candidate
im192,plausible_alternative_colorization,3.7394111156463623,0.0913471132516861,27.394779205322266,0.2030683010816574,11.900150299072266,,unverified_candidate
im193,semantically_wrong_color,4.966577053070068,0.07675096392631531,33.757022857666016,0.9905614852905273,29.58941650390625,,unverified_candidate
im193,plausible_alternative_colorization,4.103559970855713,0.09135251492261887,15.47091293334961,0.08396128565073013,3.47483491897583,,unverified_candidate
im194,semantically_wrong_color,6.875570297241211,0.06499376893043518,32.549354553222656,3.3602614402770996,37.322105407714844,,unverified_candidate
im194,plausible_alternative_colorization,4.8472137451171875,0.08030129969120026,9.803213119506836,0.1649155616760254,4.599918365478516,,unverified_candidate
im196,semantically_wrong_color,5.75501823425293,0.07424798607826233,37.77305603027344,0.45476147532463074,36.539276123046875,,unverified_candidate
im196,plausible_alternative_colorization,2.8427200317382812,0.08722364902496338,15.073701858520508,0.11308340728282928,8.23491096496582,,unverified_candidate
im197,semantically_wrong_color,4.10170316696167,0.04866793751716614,50.828651428222656,14.199991226196289,60.07441711425781,,unverified_candidate
im197,plausible_alternative_colorization,1.4917521476745605,0.0832311362028122,9.06648063659668,0.33547642827033997,9.349010467529297,,unverified_candidate
im198,semantically_wrong_color,9.943017959594727,0.08376480638980865,79.10736083984375,12.947141647338867,75.58781433105469,,unverified_candidate
im198,plausible_alternative_colorization,2.1724693775177,0.07237367331981659,11.003091812133789,0.31206345558166504,39.50353240966797,,unverified_candidate
im199,semantically_wrong_color,3.7082180976867676,0.07096906006336212,44.28437805175781,0.7730795741081238,33.78660583496094,,unverified_candidate
im199,plausible_alternative_colorization,3.0375962257385254,0.0777260959148407,18.07651710510254,0.2609405219554901,12.246803283691406,,unverified_candidate
im2,semantically_wrong_color,3.146165370941162,0.08425845205783844,23.9699649810791,0.5053722858428955,21.33884048461914,,unverified_candidate
im2,plausible_alternative_colorization,3.3568344116210938,0.08726636320352554,14.155805587768555,0.11181177943944931,8.38614273071289,,unverified_candidate
im20,semantically_wrong_color,1.3431777954101562,0.08333735167980194,33.975650787353516,0.3197685182094574,30.920839309692383,,unverified_candidate
im20,plausible_alternative_colorization,1.2508734464645386,0.08057530224323273,17.986377716064453,0.2932274639606476,34.418800354003906,,unverified_candidate
im202,semantically_wrong_color,6.807772636413574,0.08469922095537186,45.50099182128906,5.554132461547852,41.7923469543457,,unverified_candidate
im202,plausible_alternative_colorization,4.5844807624816895,0.09408224374055862,25.174087524414062,1.72642183303833,22.839370727539062,,unverified_candidate
im21,semantically_wrong_color,6.230049133300781,0.0798124372959137,32.56564712524414,1.4780787229537964,39.490806579589844,,unverified_candidate
im21,plausible_alternative_colorization,2.4431405067443848,0.08433924615383148,17.194393157958984,0.298858106136322,16.391231536865234,,unverified_candidate
im22,semantically_wrong_color,5.509913444519043,0.06383074820041656,72.55567932128906,3.2617993354797363,57.403900146484375,,unverified_candidate
im22,plausible_alternative_colorization,4.275758743286133,0.08513551205396652,39.625423431396484,0.9734100103378296,34.104976654052734,,unverified_candidate
im23,semantically_wrong_color,6.720889091491699,0.07463869452476501,46.692481994628906,0.35786187648773193,29.399520874023438,,unverified_candidate
im23,plausible_alternative_colorization,6.42377233505249,0.09099419414997101,17.27779769897461,0.32839828729629517,19.401092529296875,,unverified_candidate
im24,semantically_wrong_color,1.8659405708312988,0.07869122922420502,10.87116813659668,0.8660708069801331,7.856906890869141,,unverified_candidate
im24,plausible_alternative_colorization,1.2825051546096802,0.08587922155857086,6.928823947906494,0.03859962522983551,0.5530635118484497,near_grayscale,unverified_candidate
im25,semantically_wrong_color,2.414944648742676,0.07897546887397766,18.648635864257812,0.19700273871421814,18.519906997680664,,unverified_candidate
im25,plausible_alternative_colorization,1.68191397190094,0.08882729709148407,6.1850385665893555,0.07644998282194138,3.5845682621002197,,unverified_candidate
im26,semantically_wrong_color,4.973104000091553,0.07398223876953125,62.05352020263672,1.6954591274261475,38.83148956298828,,unverified_candidate
im26,plausible_alternative_colorization,5.467597961425781,0.09338022023439407,43.009056091308594,0.09898136556148529,5.15352725982666,,unverified_candidate
im28,semantically_wrong_color,2.874039649963379,0.07457263022661209,73.82450866699219,0.3640003800392151,66.55445098876953,,unverified_candidate
im28,plausible_alternative_colorization,1.7779549360275269,0.09090317785739899,17.149187088012695,0.24418389797210693,12.04874324798584,,unverified_candidate
im29,semantically_wrong_color,2.005797863006592,0.09055275470018387,9.472799301147461,0.22035735845565796,6.626160621643066,,unverified_candidate
im29,plausible_alternative_colorization,2.091444253921509,0.09564855694770813,6.539113998413086,0.07933551073074341,1.8147833347320557,near_grayscale,unverified_candidate
im3,semantically_wrong_color,3.762866973876953,0.07761819660663605,42.30743408203125,1.1102986335754395,30.269184112548828,,unverified_candidate
im3,plausible_alternative_colorization,2.5815653800964355,0.08259894698858261,17.600196838378906,0.1700325310230255,10.380955696105957,,unverified_candidate
im30,semantically_wrong_color,4.0058369636535645,0.04593544453382492,64.32508087158203,8.10830307006836,46.404212951660156,,unverified_candidate
im30,plausible_alternative_colorization,2.8086884021759033,0.07731121778488159,26.63386344909668,0.060933660715818405,0.7187927961349487,near_grayscale,unverified_candidate
im31,semantically_wrong_color,4.623354911804199,0.07224839925765991,48.37688446044922,0.2437850385904312,34.83623504638672,,unverified_candidate
im31,plausible_alternative_colorization,3.0313522815704346,0.08310835808515549,13.4469633102417,0.3207622766494751,19.306610107421875,,unverified_candidate
im33,semantically_wrong_color,3.721851348876953,0.07107073068618774,41.996849060058594,0.7961393594741821,25.689937591552734,,unverified_candidate
im33,plausible_alternative_colorization,3.8871753215789795,0.07557664066553116,7.342310905456543,1.0915082693099976,18.17420196533203,,unverified_candidate
im34,semantically_wrong_color,2.5432190895080566,0.06236932799220085,13.865317344665527,0.9480959177017212,15.986616134643555,,unverified_candidate
im34,plausible_alternative_colorization,1.91410493850708,0.07672981172800064,7.2900390625,0.0524420365691185,0.6237145066261292,near_grayscale,unverified_candidate
im35,semantically_wrong_color,2.5709409713745117,0.06496955454349518,42.86612319946289,1.942168951034546,39.530555725097656,,unverified_candidate
im35,plausible_alternative_colorization,2.296720027923584,0.07646241039037704,5.007250785827637,0.119625024497509,5.513894081115723,,unverified_candidate
im36,semantically_wrong_color,5.505458354949951,0.07331517338752747,29.20741081237793,5.297784328460693,31.214082717895508,,unverified_candidate
im36,plausible_alternative_colorization,2.256572723388672,0.09903176128864288,8.126017570495605,0.04508461803197861,0.9724997282028198,near_grayscale,unverified_candidate
im37,semantically_wrong_color,3.1489927768707275,0.050284262746572495,35.26506042480469,1.4984396696090698,25.665977478027344,,unverified_candidate
im37,plausible_alternative_colorization,2.260789155960083,0.0676775649189949,23.07052993774414,0.04670409858226776,0.6047523021697998,near_grayscale,unverified_candidate
im38,semantically_wrong_color,4.429081916809082,0.07462924718856812,30.07569694519043,0.34722602367401123,22.209335327148438,,unverified_candidate
im38,plausible_alternative_colorization,3.23688006401062,0.08271262794733047,5.927459716796875,0.2656155824661255,11.325735092163086,,unverified_candidate
im39,semantically_wrong_color,3.255873441696167,0.0764349177479744,31.891752243041992,0.6053177118301392,29.564908981323242,,unverified_candidate
im39,plausible_alternative_colorization,3.165454387664795,0.07913560420274734,25.78888702392578,0.22685103118419647,15.640755653381348,,unverified_candidate
im40,semantically_wrong_color,5.119760990142822,0.07750362902879715,60.37104797363281,3.5602476596832275,46.181312561035156,,unverified_candidate
im40,plausible_alternative_colorization,2.673920154571533,0.10035239905118942,25.390316009521484,0.05512278899550438,1.690810203552246,near_grayscale,unverified_candidate
im41,semantically_wrong_color,4.280792713165283,0.07267272472381592,42.258155822753906,0.34059634804725647,34.158626556396484,,unverified_candidate
im41,plausible_alternative_colorization,1.6894270181655884,0.08624063432216644,20.53374481201172,0.09568782150745392,5.779726505279541,,unverified_candidate
im42,semantically_wrong_color,19.789270401000977,0.034723911434412,20.666919708251953,51.98857498168945,56.066749572753906,,unverified_candidate
im42,plausible_alternative_colorization,1.2725377082824707,0.03755670413374901,16.46820640563965,0.7024198174476624,1.7145311832427979,near_grayscale,unverified_candidate
im43,semantically_wrong_color,6.131369590759277,0.07535174489021301,41.04265594482422,2.662693738937378,59.7244873046875,,unverified_candidate
im43,plausible_alternative_colorization,5.148031234741211,0.07705766707658768,21.782970428466797,1.3881826400756836,46.921875,,unverified_candidate
im45,semantically_wrong_color,4.115894794464111,0.07279881089925766,87.78578186035156,3.142657995223999,73.01974487304688,,unverified_candidate
im45,plausible_alternative_colorization,2.7154734134674072,0.0879785344004631,25.795684814453125,0.03027404099702835,1.3939285278320312,near_grayscale,unverified_candidate
im46,semantically_wrong_color,2.577415943145752,0.07210172712802887,51.15422821044922,1.082960844039917,48.190086364746094,,unverified_candidate
im46,plausible_alternative_colorization,1.1632503271102905,0.08820857107639313,7.0720720291137695,0.13108457624912262,9.208174705505371,,unverified_candidate
im47,semantically_wrong_color,3.4590463638305664,0.08259719610214233,43.89323425292969,0.2043098360300064,21.49728012084961,,unverified_candidate
im47,plausible_alternative_colorization,3.4657301902770996,0.0838390588760376,19.72516632080078,0.16105256974697113,17.287015914916992,,unverified_candidate
im48,semantically_wrong_color,7.251900672912598,0.07756462693214417,40.96845245361328,3.62538480758667,36.24089050292969,,unverified_candidate
im48,plausible_alternative_colorization,5.859126091003418,0.07680143415927887,7.257298946380615,0.43256768584251404,21.877384185791016,,unverified_candidate
im5,semantically_wrong_color,4.163886070251465,0.07325756549835205,43.89882278442383,0.31801530718803406,38.13042068481445,,unverified_candidate
im5,plausible_alternative_colorization,3.292740821838379,0.08071495592594147,7.210379600524902,0.13200093805789948,9.276898384094238,,unverified_candidate
im50,semantically_wrong_color,4.204545974731445,0.07582913339138031,45.663875579833984,0.8350489735603333,43.95692443847656,,unverified_candidate
im50,plausible_alternative_colorization,3.4927427768707275,0.08773703128099442,14.30192756652832,0.1450253427028656,10.364699363708496,,unverified_candidate
im51,semantically_wrong_color,2.642925500869751,0.0689765214920044,49.972721099853516,0.4448550045490265,40.76254653930664,,unverified_candidate
im51,plausible_alternative_colorization,3.653960704803467,0.07328611612319946,8.12193775177002,0.2703942358493805,16.165576934814453,,unverified_candidate
im52,semantically_wrong_color,2.9334540367126465,0.07855360954999924,34.048240661621094,0.20028160512447357,28.201078414916992,,unverified_candidate
im52,plausible_alternative_colorization,1.841170310974121,0.0781654417514801,18.564332962036133,0.7315768003463745,23.71944808959961,,unverified_candidate
im54,semantically_wrong_color,4.739856719970703,0.07320304214954376,29.577058792114258,2.5506558418273926,28.780073165893555,,unverified_candidate
im54,plausible_alternative_colorization,4.108162879943848,0.08249890059232712,11.7900390625,0.9824295043945312,15.233943939208984,,unverified_candidate
im56,semantically_wrong_color,6.3663811683654785,0.04631207883358002,32.50182342529297,20.887603759765625,47.491146087646484,,unverified_candidate
im56,plausible_alternative_colorization,3.4823899269104004,0.08105495572090149,13.53082275390625,0.08830051124095917,1.6151351928710938,near_grayscale,unverified_candidate
im57,semantically_wrong_color,4.387524127960205,0.06487984955310822,78.09965515136719,2.1971964836120605,56.047264099121094,,unverified_candidate
im57,plausible_alternative_colorization,3.9722812175750732,0.08532196283340454,27.95571517944336,0.2403046190738678,23.879932403564453,,unverified_candidate
im58,semantically_wrong_color,3.5536603927612305,0.07267527282238007,47.650634765625,2.165393352508545,51.62355422973633,,unverified_candidate
im58,plausible_alternative_colorization,2.95821475982666,0.09317632019519806,8.23589038848877,0.5256294012069702,11.948929786682129,,unverified_candidate
im6,semantically_wrong_color,4.06617546081543,0.06941292434930801,51.371978759765625,0.23902203142642975,50.26494598388672,,unverified_candidate
im6,plausible_alternative_colorization,2.3804931640625,0.09459799528121948,8.767864227294922,0.13184578716754913,9.761798858642578,,unverified_candidate
im60,semantically_wrong_color,2.6683294773101807,0.08846970647573471,18.456396102905273,0.37784343957901,17.92628288269043,,unverified_candidate
im60,plausible_alternative_colorization,2.4660911560058594,0.09972923994064331,5.345734596252441,0.06490980833768845,1.9216320514678955,near_grayscale,unverified_candidate
im61,semantically_wrong_color,4.270899772644043,0.08107224106788635,45.929359436035156,0.6807364225387573,24.37925148010254,,unverified_candidate
im61,plausible_alternative_colorization,4.553677558898926,0.07811759412288666,37.826515197753906,0.1845761090517044,9.059932708740234,,unverified_candidate
im62,semantically_wrong_color,2.1781578063964844,0.10692115873098373,13.521926879882812,0.07035447657108307,5.200538635253906,,unverified_candidate
im62,plausible_alternative_colorization,2.169954776763916,0.1092919409275055,12.184420585632324,0.02894372120499611,0.9802045226097107,near_grayscale,unverified_candidate
im63,semantically_wrong_color,4.767931938171387,0.07719849050045013,43.686920166015625,0.8675708770751953,34.644432067871094,,unverified_candidate
im63,plausible_alternative_colorization,5.395247936248779,0.07418385148048401,58.85044860839844,0.25483524799346924,39.79963684082031,,unverified_candidate
im64,semantically_wrong_color,1.9696906805038452,0.08499208092689514,32.01496124267578,0.08561103790998459,15.374974250793457,,unverified_candidate
im64,plausible_alternative_colorization,1.3148143291473389,0.09075891971588135,20.079071044921875,0.036456793546676636,2.660219430923462,,unverified_candidate
im65,semantically_wrong_color,3.900724411010742,0.08044606447219849,34.124900817871094,2.3276214599609375,45.944427490234375,,unverified_candidate
im65,plausible_alternative_colorization,3.387291193008423,0.08185701072216034,16.554264068603516,0.9947736263275146,39.66062927246094,,unverified_candidate
im66,semantically_wrong_color,6.089297294616699,0.06939548254013062,53.25115203857422,2.3236517906188965,48.033409118652344,,unverified_candidate
im66,plausible_alternative_colorization,4.101728916168213,0.08656613528728485,13.306488037109375,0.1831558644771576,7.3604865074157715,,unverified_candidate
im68,semantically_wrong_color,7.706933975219727,0.08268582820892334,39.71147537231445,3.461535930633545,68.46371459960938,,unverified_candidate
im68,plausible_alternative_colorization,2.9302139282226562,0.08922998607158661,16.172773361206055,0.19537299871444702,34.506832122802734,,unverified_candidate
im70,semantically_wrong_color,5.825161933898926,0.07974810898303986,14.168281555175781,0.5540738105773926,12.097993850708008,,unverified_candidate
im70,plausible_alternative_colorization,5.094704627990723,0.08883543312549591,9.706048965454102,0.10681331157684326,1.9741894006729126,near_grayscale,unverified_candidate
im71,semantically_wrong_color,3.565850257873535,0.05527324974536896,50.74335479736328,2.2162981033325195,58.99018859863281,,unverified_candidate
im71,plausible_alternative_colorization,2.5967767238616943,0.06741827726364136,20.449569702148438,0.3045554757118225,31.708084106445312,,unverified_candidate
im72,semantically_wrong_color,3.5404210090637207,0.06814266741275787,38.90471267700195,1.964067816734314,32.6966552734375,,unverified_candidate
im72,plausible_alternative_colorization,3.0511837005615234,0.08206889033317566,10.888154983520508,0.0945860743522644,3.3773505687713623,,unverified_candidate
im73,semantically_wrong_color,4.775969505310059,0.06629392504692078,85.05095672607422,5.9319586753845215,49.790836334228516,,unverified_candidate
im73,plausible_alternative_colorization,2.4805545806884766,0.0917367935180664,48.5764274597168,0.1002487987279892,4.529104232788086,,unverified_candidate
im74,semantically_wrong_color,4.712270736694336,0.07555945962667465,24.99162483215332,0.537101149559021,23.735260009765625,,unverified_candidate
im74,plausible_alternative_colorization,3.910576581954956,0.08720766752958298,11.610944747924805,0.12472882121801376,4.63826322555542,,unverified_candidate
im75,semantically_wrong_color,4.4040656089782715,0.07805921137332916,44.96403503417969,3.3067996501922607,44.24198913574219,,unverified_candidate
im75,plausible_alternative_colorization,3.6123275756835938,0.09203454107046127,12.145180702209473,0.16591516137123108,5.5878095626831055,,unverified_candidate
im76,semantically_wrong_color,3.517617702484131,0.07341812551021576,32.461578369140625,2.7143099308013916,37.49138641357422,,unverified_candidate
im76,plausible_alternative_colorization,3.495187282562256,0.078731968998909,20.576675415039062,0.7738850116729736,24.111434936523438,,unverified_candidate
im77,semantically_wrong_color,6.355359077453613,0.08216451108455658,47.11766815185547,1.6292707920074463,28.712528228759766,,unverified_candidate
im77,plausible_alternative_colorization,5.001551628112793,0.08416818082332611,31.03376007080078,0.2590816617012024,20.5694637298584,,unverified_candidate
im78,semantically_wrong_color,8.933030128479004,0.07533559948205948,60.77484130859375,3.937821865081787,63.805789947509766,,unverified_candidate
im78,plausible_alternative_colorization,2.7027978897094727,0.09675952792167664,14.006150245666504,0.04083763435482979,1.1854784488677979,near_grayscale,unverified_candidate
im79,semantically_wrong_color,4.149524211883545,0.07837559282779694,43.20688247680664,2.1259055137634277,33.53589630126953,,unverified_candidate
im79,plausible_alternative_colorization,1.107194423675537,0.0936921015381813,26.2899169921875,0.08926960825920105,6.827831268310547,,unverified_candidate
im8,semantically_wrong_color,2.017202854156494,0.09272695332765579,17.30586814880371,0.16682446002960205,46.206146240234375,,unverified_candidate
im8,plausible_alternative_colorization,2.561544895172119,0.10211104154586792,37.10050964355469,0.051038362085819244,2.3894200325012207,,unverified_candidate
im80,semantically_wrong_color,5.2445783615112305,0.07544282078742981,80.27330780029297,2.9610447883605957,74.20443725585938,,unverified_candidate
im80,plausible_alternative_colorization,3.067293167114258,0.08082091808319092,22.100101470947266,0.9912705421447754,26.906917572021484,,unverified_candidate
im81,semantically_wrong_color,4.760983943939209,0.08621513843536377,30.88172721862793,3.1103720664978027,29.024566650390625,,unverified_candidate
im81,plausible_alternative_colorization,1.2413969039916992,0.09439422190189362,10.924552917480469,0.13375987112522125,10.044057846069336,,unverified_candidate
im82,semantically_wrong_color,8.704151153564453,0.06898322701454163,55.916709899902344,3.8001279830932617,51.08281326293945,,unverified_candidate
im82,plausible_alternative_colorization,7.044186115264893,0.08555731922388077,14.04437255859375,0.1546161025762558,4.722224235534668,,unverified_candidate
im83,semantically_wrong_color,4.442305564880371,0.07869751006364822,21.521839141845703,3.264563798904419,18.165992736816406,,unverified_candidate
im83,plausible_alternative_colorization,2.607046127319336,0.08613899350166321,11.928363800048828,0.1338692605495453,2.922388792037964,,unverified_candidate
im86,semantically_wrong_color,3.800210952758789,0.07159093767404556,40.808631896972656,0.27057793736457825,39.48914337158203,,unverified_candidate
im86,plausible_alternative_colorization,2.649643659591675,0.08674883842468262,7.508930683135986,0.11195530742406845,4.7378997802734375,,unverified_candidate
im87,semantically_wrong_color,3.094278573989868,0.053392063826322556,33.847015380859375,3.944915771484375,30.94342041015625,,unverified_candidate
im87,plausible_alternative_colorization,1.689186930656433,0.0696134865283966,25.527297973632812,1.1442922353744507,17.506793975830078,,unverified_candidate
im9,semantically_wrong_color,3.812241554260254,0.06797248125076294,39.5683708190918,0.8268374800682068,38.20037078857422,,unverified_candidate
im9,plausible_alternative_colorization,2.4100303649902344,0.07699872553348541,9.326831817626953,0.10994218289852142,9.356106758117676,,unverified_candidate
im90,semantically_wrong_color,6.1145710945129395,0.08118855953216553,39.83949279785156,2.135317087173462,38.881412506103516,,unverified_candidate
im90,plausible_alternative_colorization,2.2709693908691406,0.0962744802236557,12.449474334716797,0.07340516149997711,4.077596187591553,,unverified_candidate
im91,semantically_wrong_color,5.740857124328613,0.07118256390094757,58.36647033691406,5.445426940917969,59.49939727783203,,unverified_candidate
im91,plausible_alternative_colorization,2.8158979415893555,0.08519738167524338,18.457441329956055,0.15401554107666016,9.70763874053955,,unverified_candidate
im92,semantically_wrong_color,6.784474849700928,0.08151493966579437,35.52762222290039,6.605957984924316,36.98223114013672,,unverified_candidate
im92,plausible_alternative_colorization,1.4539103507995605,0.08250893652439117,9.610363960266113,0.2149953544139862,10.905567169189453,,unverified_candidate
im93,semantically_wrong_color,2.453134536743164,0.07234819233417511,35.748199462890625,1.0269908905029297,32.8868408203125,,unverified_candidate
im93,plausible_alternative_colorization,1.5976026058197021,0.06825599074363708,4.272512435913086,0.10625269263982773,19.52166748046875,,unverified_candidate
im94,semantically_wrong_color,5.0382561683654785,0.06109826639294624,81.28532409667969,1.7491164207458496,64.55104064941406,,unverified_candidate
im94,plausible_alternative_colorization,3.4048876762390137,0.09772380441427231,21.51403045654297,0.07319946587085724,2.74100923538208,,unverified_candidate
im95,semantically_wrong_color,5.357277870178223,0.07427416741847992,48.7175178527832,0.6747888326644897,41.26250457763672,,unverified_candidate
im95,plausible_alternative_colorization,4.856689453125,0.07850497961044312,16.33623504638672,0.2168128937482834,20.983226776123047,,unverified_candidate
im97,semantically_wrong_color,4.672358512878418,0.07854944467544556,29.20763397216797,0.6809474229812622,33.126434326171875,,unverified_candidate
im97,plausible_alternative_colorization,4.215208530426025,0.09043831378221512,14.185590744018555,0.10660728812217712,3.6786916255950928,,unverified_candidate
im98,semantically_wrong_color,2.302487373352051,0.07706822454929352,27.31528091430664,0.36799556016921997,27.76803207397461,,unverified_candidate
im98,plausible_alternative_colorization,2.546797752380371,0.0857529416680336,7.461694240570068,0.12403988838195801,8.938039779663086,,unverified_candidate
